{
  "config": {
    "n_steps": 4,
    "width": 2.5,
    "depth": 0.3,
    "height": 0.18,
    "points_per_tread": 3000,
    "points_per_riser": 1800,
    "tread_z_sigma": 0.02,
    "riser_y_sigma": 0.02,
    "lidar_sigma": 0.006,
    "outlier_ratio": 0.03,
    "edge_ratio": 0.02,
    "seed": 42
  },
  "n_points": 18270,
  "metrics": {
    "normals": {
      "accuracy": 0.7943,
      "precision": 0.9662,
      "recall": 0.8653,
      "f1": 0.913,
      "iou": 0.8399,
      "runtime_s": 0.287
    },
    "ransac": {
      "accuracy": 0.7106,
      "precision": 0.8879,
      "recall": 0.7014,
      "f1": 0.7837,
      "iou": 0.6443,
      "runtime_s": 0.146
    },
    "dbscan_slope": {
      "accuracy": 0.7688,
      "precision": 0.9775,
      "recall": 0.7959,
      "f1": 0.8774,
      "iou": 0.7816,
      "runtime_s": 0.835
    },
    "height_histogram": {
      "accuracy": 0.7225,
      "precision": 0.9749,
      "recall": 0.8175,
      "f1": 0.8893,
      "iou": 0.8006,
      "runtime_s": 0.276
    }
  },
  "best_method": "normals",
  "confusion_matrix_best": [
    [
      10384,
      239,
      1377
    ],
    [
      212,
      3961,
      1227
    ],
    [
      151,
      552,
      167
    ]
  ],
  "noise_sweep": {
    "lidar_sigma": [
      [
        0.0,
        0.9179189735477634
      ],
      [
        0.005,
        0.9151544443956237
      ],
      [
        0.01,
        0.9070720423000662
      ],
      [
        0.02,
        0.8607055409449533
      ],
      [
        0.03,
        0.7686946420792797
      ],
      [
        0.05,
        0.5772251308900523
      ]
    ],
    "outlier_ratio": [
      [
        0.0,
        0.9182579416064863
      ],
      [
        0.03,
        0.9129995164197476
      ],
      [
        0.06,
        0.9054735089180069
      ],
      [
        0.1,
        0.8989710415490817
      ],
      [
        0.15,
        0.8798220853648105
      ],
      [
        0.2,
        0.8753822629969418
      ]
    ]
  }
}